Variant,Trial,Top-1,Hit@3,Hit@5,NDCG,Pairwise
V3-Baseline,1,0.7874015748031497,0.9291338582677166,0.968503937007874,0.9299156577511296,0.8934404226333078
V3-Baseline,2,0.8543307086614174,0.9645669291338582,0.9960629921259843,0.9486841121852584,0.903789884019721
V3-Baseline,3,0.8188976377952756,0.9763779527559056,0.9921259842519685,0.9435777285982914,0.8977802569371828
V3-Baseline,4,0.8464566929133859,0.9488188976377953,0.9803149606299213,0.944348205966811,0.9017383081785949
V3-Baseline,5,0.8228346456692913,0.968503937007874,0.984251968503937,0.94618461417723,0.8977876912824236
V3-Baseline,6,0.7952755905511811,0.968503937007874,0.9881889763779528,0.9330556599069831,0.8847908068346827
V3-Baseline,7,0.8188976377952756,0.9566929133858267,0.9881889763779528,0.944104915659799,0.9026560275039607
V3-Baseline,8,0.8464566929133859,0.952755905511811,0.9921259842519685,0.9445952096337306,0.8919841657744614
V3-Baseline,9,0.8267716535433071,0.9803149606299213,0.9881889763779528,0.9424124022441824,0.8929567234505073
V3-Baseline,10,0.8031496062992126,0.968503937007874,0.984251968503937,0.9424116833614572,0.9038516697076496
V3-R,1,0.8307086614173228,0.9448818897637795,0.9763779527559056,0.9460738969871136,0.9204556863072901
V3-R,2,0.8700787401574803,0.9881889763779528,0.9921259842519685,0.9555333244406656,0.9233315830365929
V3-R,3,0.8622047244094488,0.9881889763779528,0.9921259842519685,0.9589429410054472,0.9266790011957022
V3-R,4,0.8503937007874016,0.9606299212598425,0.9881889763779528,0.950387394857067,0.921954790832392
V3-R,5,0.8503937007874016,0.9763779527559056,0.9921259842519685,0.9569813114625113,0.9219000723586421
V3-R,6,0.8385826771653543,0.9763779527559056,0.984251968503937,0.9462814069064625,0.9109155582371162
V3-R,7,0.8503937007874016,0.9803149606299213,0.9960629921259843,0.9569630628538739,0.9292435283686212
V3-R,8,0.8740157480314961,0.968503937007874,1.0,0.9532971537287401,0.9183642120464353
V3-R,9,0.8700787401574803,0.9803149606299213,0.9881889763779528,0.9554930990839906,0.9215809039517306
V3-R,10,0.8307086614173228,0.9763779527559056,0.9921259842519685,0.9503632450963798,0.9242874173969425
V3-RS,1,0.8937007874015748,0.9803149606299213,0.9960629921259843,0.9663670352583318,0.9490955832456204
V3-RS,2,0.9094488188976378,0.9881889763779528,0.9960629921259843,0.9722944084530022,0.9524175648498392
V3-RS,3,0.9251968503937008,0.9881889763779528,0.9960629921259843,0.9748505942562229,0.9499148314121919
V3-RS,4,0.905511811023622,0.984251968503937,0.9921259842519685,0.9698418145570045,0.9536713368157511
V3-RS,5,0.9212598425196851,0.984251968503937,0.9921259842519685,0.9725170552196007,0.9479002179896789
V3-RS,6,0.8818897637795275,0.9763779527559056,0.9881889763779528,0.9591895780511299,0.9314288931025051
V3-RS,7,0.9133858267716536,0.9881889763779528,0.9960629921259843,0.9743798646080097,0.9560133854036819
V3-RS,8,0.9133858267716536,0.9881889763779528,0.9921259842519685,0.9691549602164407,0.9471210169345635
V3-RS,9,0.9212598425196851,0.9803149606299213,0.9921259842519685,0.9721978979526636,0.9491183793352307
V3-RS,10,0.905511811023622,0.984251968503937,0.9921259842519685,0.9728755282478457,0.9580538915247908
V3-S,1,0.8622047244094488,0.9763779527559056,0.9881889763779528,0.9563267597483266,0.925448794769768
V3-S,2,0.9015748031496063,0.9724409448818898,0.9921259842519685,0.9663471507666168,0.9381975740841734
V3-S,3,0.905511811023622,0.9881889763779528,0.9960629921259843,0.9637127569627987,0.9228495651892095
V3-S,4,0.8818897637795275,0.9803149606299213,0.9881889763779528,0.9605483205383718,0.9308629376804498
V3-S,5,0.9133858267716536,0.9881889763779528,0.9921259842519685,0.9685639563188838,0.9269418324375543
V3-S,6,0.8818897637795275,0.9763779527559056,0.9960629921259843,0.9558400791078403,0.9175181426861032
V3-S,7,0.8818897637795275,0.9763779527559056,0.9881889763779528,0.9610264295383736,0.9290082470114385
V3-S,8,0.889763779527559,0.984251968503937,0.984251968503937,0.9617327472940875,0.9263959595147091
V3-S,9,0.905511811023622,0.9803149606299213,0.9960629921259843,0.9648636672768875,0.9282522047136285
V3-S,10,0.8740157480314961,0.9803149606299213,0.9881889763779528,0.9651459966886031,0.9369291261465025
