Feature,Importance,Percentage
Weighted_Skill_Score,0.1995468811560568,19.954688115605677
Matched_Skill_Count,0.15504822558343423,15.504822558343424
Skill_Score,0.1445158014515131,14.451580145151311
Semantic_Similarity,0.12516530478131574,12.516530478131575
Role_Title_Semantic_Similarity,0.11251662981668245,11.251662981668245
Normalized_Cosine,0.08102548828944493,8.102548828944494
Cosine,0.07989320438023265,7.989320438023265
Required_Skill_Count,0.05894851498834641,5.894851498834641
Role_Similarity,0.04333994955297377,4.333994955297377
